spatial_code,gebiet_name,party,zweitstimmen,gueltige_zweit,wahlberechtigte,waehler
0,Mitte,AfD,3711,36605,48993,36779
0,Mitte,BSW,3322,36605,48993,36779
0,Mitte,CDU,5577,36605,48993,36779
0,Mitte,DIE LINKE,3628,36605,48993,36779
0,Mitte,Die PARTEI,1619,36605,48993,36779
0,Mitte,FDP,1812,36605,48993,36779
0,Mitte,GRÜNE,7248,36605,48993,36779
0,Mitte,Liste 10,137,36605,48993,36779
0,Mitte,Liste 12,188,36605,48993,36779
0,Mitte,Liste 14,299,36605,48993,36779
0,Mitte,Liste 15,22,36605,48993,36779
0,Mitte,Liste 16,273,36605,48993,36779
0,Mitte,Liste 17,87,36605,48993,36779
0,Mitte,Liste 18,64,36605,48993,36779
0,Mitte,Liste 19,218,36605,48993,36779
0,Mitte,Liste 20,50,36605,48993,36779
0,Mitte,Liste 21,33,36605,48993,36779
0,Mitte,Liste 22,24,36605,48993,36779
0,Mitte,Liste 23,21,36605,48993,36779
0,Mitte,Liste 24,6,36605,48993,36779
0,Mitte,Liste 25,12,36605,48993,36779
0,Mitte,Liste 26,101,36605,48993,36779
0,Mitte,Liste 27,150,36605,48993,36779
0,Mitte,Liste 29,16,36605,48993,36779
0,Mitte,Liste 30,76,36605,48993,36779
0,Mitte,Liste 31,346,36605,48993,36779
0,Mitte,Liste 32,34,36605,48993,36779
0,Mitte,Liste 33,296,36605,48993,36779
0,Mitte,Liste 34,99,36605,48993,36779
0,Mitte,Liste 7,333,36605,48993,36779
0,Mitte,Liste 9,529,36605,48993,36779
0,Mitte,NPD,20,36605,48993,36779
0,Mitte,SPD,4105,36605,48993,36779
0,Mitte,Volt,2149,36605,48993,36779
1,Nordost,AfD,6183,22248,36329,22529
1,Nordost,BSW,2742,22248,36329,22529
1,Nordost,CDU,4537,22248,36329,22529
1,Nordost,DIE LINKE,1734,22248,36329,22529
1,Nordost,Die PARTEI,713,22248,36329,22529
1,Nordost,FDP,554,22248,36329,22529
1,Nordost,GRÜNE,1377,22248,36329,22529
1,Nordost,Liste 10,222,22248,36329,22529
1,Nordost,Liste 12,70,22248,36329,22529
1,Nordost,Liste 14,133,22248,36329,22529
1,Nordost,Liste 15,9,22248,36329,22529
1,Nordost,Liste 16,108,22248,36329,22529
1,Nordost,Liste 17,125,22248,36329,22529
1,Nordost,Liste 18,27,22248,36329,22529
1,Nordost,Liste 19,67,22248,36329,22529
1,Nordost,Liste 20,38,22248,36329,22529
1,Nordost,Liste 21,14,22248,36329,22529
1,Nordost,Liste 22,17,22248,36329,22529
1,Nordost,Liste 23,13,22248,36329,22529
1,Nordost,Liste 24,3,22248,36329,22529
1,Nordost,Liste 25,13,22248,36329,22529
1,Nordost,Liste 26,63,22248,36329,22529
1,Nordost,Liste 27,96,22248,36329,22529
1,Nordost,Liste 29,17,22248,36329,22529
1,Nordost,Liste 30,23,22248,36329,22529
1,Nordost,Liste 31,112,22248,36329,22529
1,Nordost,Liste 32,23,22248,36329,22529
1,Nordost,Liste 33,143,22248,36329,22529
1,Nordost,Liste 34,45,22248,36329,22529
1,Nordost,Liste 7,242,22248,36329,22529
1,Nordost,Liste 9,401,22248,36329,22529
1,Nordost,NPD,42,22248,36329,22529
1,Nordost,SPD,1900,22248,36329,22529
1,Nordost,Volt,442,22248,36329,22529
2,Ost,AfD,8536,41228,62637,41611
2,Ost,BSW,4289,41228,62637,41611
2,Ost,CDU,6843,41228,62637,41611
2,Ost,DIE LINKE,5096,41228,62637,41611
2,Ost,Die PARTEI,1636,41228,62637,41611
2,Ost,FDP,915,41228,62637,41611
2,Ost,GRÜNE,4458,41228,62637,41611
2,Ost,Liste 10,341,41228,62637,41611
2,Ost,Liste 12,148,41228,62637,41611
2,Ost,Liste 14,268,41228,62637,41611
2,Ost,Liste 15,36,41228,62637,41611
2,Ost,Liste 16,563,41228,62637,41611
2,Ost,Liste 17,193,41228,62637,41611
2,Ost,Liste 18,70,41228,62637,41611
2,Ost,Liste 19,182,41228,62637,41611
2,Ost,Liste 20,79,41228,62637,41611
2,Ost,Liste 21,46,41228,62637,41611
2,Ost,Liste 22,32,41228,62637,41611
2,Ost,Liste 23,22,41228,62637,41611
2,Ost,Liste 24,16,41228,62637,41611
2,Ost,Liste 25,38,41228,62637,41611
2,Ost,Liste 26,70,41228,62637,41611
2,Ost,Liste 27,174,41228,62637,41611
2,Ost,Liste 29,26,41228,62637,41611
2,Ost,Liste 30,59,41228,62637,41611
2,Ost,Liste 31,506,41228,62637,41611
2,Ost,Liste 32,41,41228,62637,41611
2,Ost,Liste 33,245,41228,62637,41611
2,Ost,Liste 34,102,41228,62637,41611
2,Ost,Liste 7,446,41228,62637,41611
2,Ost,Liste 9,719,41228,62637,41611
2,Ost,NPD,47,41228,62637,41611
2,Ost,SPD,3423,41228,62637,41611
2,Ost,Volt,1563,41228,62637,41611
3,Südost,AfD,6241,35470,49902,35717
3,Südost,BSW,3578,35470,49902,35717
3,Südost,CDU,6006,35470,49902,35717
3,Südost,DIE LINKE,3456,35470,49902,35717
3,Südost,Die PARTEI,1557,35470,49902,35717
3,Südost,FDP,1099,35470,49902,35717
3,Südost,GRÜNE,5021,35470,49902,35717
3,Südost,Liste 10,281,35470,49902,35717
3,Südost,Liste 12,165,35470,49902,35717
3,Südost,Liste 14,217,35470,49902,35717
3,Südost,Liste 15,23,35470,49902,35717
3,Südost,Liste 16,269,35470,49902,35717
3,Südost,Liste 17,140,35470,49902,35717
3,Südost,Liste 18,88,35470,49902,35717
3,Südost,Liste 19,176,35470,49902,35717
3,Südost,Liste 20,65,35470,49902,35717
3,Südost,Liste 21,27,35470,49902,35717
3,Südost,Liste 22,21,35470,49902,35717
3,Südost,Liste 23,17,35470,49902,35717
3,Südost,Liste 24,3,35470,49902,35717
3,Südost,Liste 25,17,35470,49902,35717
3,Südost,Liste 26,78,35470,49902,35717
3,Südost,Liste 27,162,35470,49902,35717
3,Südost,Liste 29,16,35470,49902,35717
3,Südost,Liste 30,56,35470,49902,35717
3,Südost,Liste 31,349,35470,49902,35717
3,Südost,Liste 32,32,35470,49902,35717
3,Südost,Liste 33,290,35470,49902,35717
3,Südost,Liste 34,78,35470,49902,35717
3,Südost,Liste 7,351,35470,49902,35717
3,Südost,Liste 9,668,35470,49902,35717
3,Südost,NPD,45,35470,49902,35717
3,Südost,SPD,3334,35470,49902,35717
3,Südost,Volt,1544,35470,49902,35717
4,Süd,AfD,4063,40099,52902,40344
4,Süd,BSW,3831,40099,52902,40344
4,Süd,CDU,4985,40099,52902,40344
4,Süd,DIE LINKE,6335,40099,52902,40344
4,Süd,Die PARTEI,2494,40099,52902,40344
4,Süd,FDP,1038,40099,52902,40344
4,Süd,GRÜNE,7436,40099,52902,40344
4,Süd,Liste 10,180,40099,52902,40344
4,Süd,Liste 12,174,40099,52902,40344
4,Süd,Liste 14,263,40099,52902,40344
4,Süd,Liste 15,22,40099,52902,40344
4,Süd,Liste 16,326,40099,52902,40344
4,Süd,Liste 17,148,40099,52902,40344
4,Süd,Liste 18,76,40099,52902,40344
4,Süd,Liste 19,158,40099,52902,40344
4,Süd,Liste 20,63,40099,52902,40344
4,Süd,Liste 21,58,40099,52902,40344
4,Süd,Liste 22,27,40099,52902,40344
4,Süd,Liste 23,18,40099,52902,40344
4,Süd,Liste 24,24,40099,52902,40344
4,Süd,Liste 25,24,40099,52902,40344
4,Süd,Liste 26,95,40099,52902,40344
4,Süd,Liste 27,141,40099,52902,40344
4,Süd,Liste 29,11,40099,52902,40344
4,Süd,Liste 30,61,40099,52902,40344
4,Süd,Liste 31,621,40099,52902,40344
4,Süd,Liste 32,25,40099,52902,40344
4,Süd,Liste 33,229,40099,52902,40344
4,Süd,Liste 34,86,40099,52902,40344
4,Süd,Liste 7,313,40099,52902,40344
4,Süd,Liste 9,696,40099,52902,40344
4,Süd,NPD,38,40099,52902,40344
4,Süd,SPD,4175,40099,52902,40344
4,Süd,Volt,1865,40099,52902,40344
5,Südwest,AfD,4864,32010,43503,32181
5,Südwest,BSW,3076,32010,43503,32181
5,Südwest,CDU,4637,32010,43503,32181
5,Südwest,DIE LINKE,3496,32010,43503,32181
5,Südwest,Die PARTEI,1564,32010,43503,32181
5,Südwest,FDP,879,32010,43503,32181
5,Südwest,GRÜNE,5973,32010,43503,32181
5,Südwest,Liste 10,192,32010,43503,32181
5,Südwest,Liste 12,157,32010,43503,32181
5,Südwest,Liste 14,202,32010,43503,32181
5,Südwest,Liste 15,18,32010,43503,32181
5,Südwest,Liste 16,267,32010,43503,32181
5,Südwest,Liste 17,144,32010,43503,32181
5,Südwest,Liste 18,59,32010,43503,32181
5,Südwest,Liste 19,97,32010,43503,32181
5,Südwest,Liste 20,64,32010,43503,32181
5,Südwest,Liste 21,26,32010,43503,32181
5,Südwest,Liste 22,13,32010,43503,32181
5,Südwest,Liste 23,13,32010,43503,32181
5,Südwest,Liste 24,8,32010,43503,32181
5,Südwest,Liste 25,24,32010,43503,32181
5,Südwest,Liste 26,97,32010,43503,32181
5,Südwest,Liste 27,134,32010,43503,32181
5,Südwest,Liste 29,15,32010,43503,32181
5,Südwest,Liste 30,57,32010,43503,32181
5,Südwest,Liste 31,420,32010,43503,32181
5,Südwest,Liste 32,28,32010,43503,32181
5,Südwest,Liste 33,218,32010,43503,32181
5,Südwest,Liste 34,92,32010,43503,32181
5,Südwest,Liste 7,317,32010,43503,32181
5,Südwest,Liste 9,490,32010,43503,32181
5,Südwest,NPD,23,32010,43503,32181
5,Südwest,SPD,3073,32010,43503,32181
5,Südwest,Volt,1273,32010,43503,32181
6,West,AfD,6891,23186,40265,23507
6,West,BSW,3290,23186,40265,23507
6,West,CDU,4688,23186,40265,23507
6,West,DIE LINKE,1919,23186,40265,23507
6,West,Die PARTEI,505,23186,40265,23507
6,West,FDP,493,23186,40265,23507
6,West,GRÜNE,972,23186,40265,23507
6,West,Liste 10,230,23186,40265,23507
6,West,Liste 12,40,23186,40265,23507
6,West,Liste 14,104,23186,40265,23507
6,West,Liste 15,17,23186,40265,23507
6,West,Liste 16,44,23186,40265,23507
6,West,Liste 17,145,23186,40265,23507
6,West,Liste 18,35,23186,40265,23507
6,West,Liste 19,56,23186,40265,23507
6,West,Liste 20,43,23186,40265,23507
6,West,Liste 21,23,23186,40265,23507
6,West,Liste 22,14,23186,40265,23507
6,West,Liste 23,16,23186,40265,23507
6,West,Liste 24,4,23186,40265,23507
6,West,Liste 25,27,23186,40265,23507
6,West,Liste 26,48,23186,40265,23507
6,West,Liste 27,120,23186,40265,23507
6,West,Liste 29,11,23186,40265,23507
6,West,Liste 30,22,23186,40265,23507
6,West,Liste 31,66,23186,40265,23507
6,West,Liste 32,23,23186,40265,23507
6,West,Liste 33,109,23186,40265,23507
6,West,Liste 34,37,23186,40265,23507
6,West,Liste 7,283,23186,40265,23507
6,West,Liste 9,369,23186,40265,23507
6,West,NPD,39,23186,40265,23507
6,West,SPD,2227,23186,40265,23507
6,West,Volt,276,23186,40265,23507
7,Alt-West,AfD,5779,32660,46732,32902
7,Alt-West,BSW,3118,32660,46732,32902
7,Alt-West,CDU,5015,32660,46732,32902
7,Alt-West,DIE LINKE,3904,32660,46732,32902
7,Alt-West,Die PARTEI,1688,32660,46732,32902
7,Alt-West,FDP,890,32660,46732,32902
7,Alt-West,GRÜNE,4862,32660,46732,32902
7,Alt-West,Liste 10,255,32660,46732,32902
7,Alt-West,Liste 12,127,32660,46732,32902
7,Alt-West,Liste 14,223,32660,46732,32902
7,Alt-West,Liste 15,12,32660,46732,32902
7,Alt-West,Liste 16,301,32660,46732,32902
7,Alt-West,Liste 17,149,32660,46732,32902
7,Alt-West,Liste 18,46,32660,46732,32902
7,Alt-West,Liste 19,85,32660,46732,32902
7,Alt-West,Liste 20,54,32660,46732,32902
7,Alt-West,Liste 21,27,32660,46732,32902
7,Alt-West,Liste 22,15,32660,46732,32902
7,Alt-West,Liste 23,14,32660,46732,32902
7,Alt-West,Liste 24,6,32660,46732,32902
7,Alt-West,Liste 25,22,32660,46732,32902
7,Alt-West,Liste 26,68,32660,46732,32902
7,Alt-West,Liste 27,121,32660,46732,32902
7,Alt-West,Liste 29,14,32660,46732,32902
7,Alt-West,Liste 30,50,32660,46732,32902
7,Alt-West,Liste 31,384,32660,46732,32902
7,Alt-West,Liste 32,29,32660,46732,32902
7,Alt-West,Liste 33,217,32660,46732,32902
7,Alt-West,Liste 34,76,32660,46732,32902
7,Alt-West,Liste 7,337,32660,46732,32902
7,Alt-West,Liste 9,597,32660,46732,32902
7,Alt-West,NPD,40,32660,46732,32902
7,Alt-West,SPD,2889,32660,46732,32902
7,Alt-West,Volt,1246,32660,46732,32902
8,Nordwest,AfD,4747,17662,26939,17830
8,Nordwest,BSW,2183,17662,26939,17830
8,Nordwest,CDU,3679,17662,26939,17830
8,Nordwest,DIE LINKE,1077,17662,26939,17830
8,Nordwest,Die PARTEI,488,17662,26939,17830
8,Nordwest,FDP,561,17662,26939,17830
8,Nordwest,GRÜNE,1332,17662,26939,17830
8,Nordwest,Liste 10,167,17662,26939,17830
8,Nordwest,Liste 12,71,17662,26939,17830
8,Nordwest,Liste 14,101,17662,26939,17830
8,Nordwest,Liste 15,16,17662,26939,17830
8,Nordwest,Liste 16,42,17662,26939,17830
8,Nordwest,Liste 17,91,17662,26939,17830
8,Nordwest,Liste 18,31,17662,26939,17830
8,Nordwest,Liste 19,46,17662,26939,17830
8,Nordwest,Liste 20,36,17662,26939,17830
8,Nordwest,Liste 21,10,17662,26939,17830
8,Nordwest,Liste 22,6,17662,26939,17830
8,Nordwest,Liste 23,9,17662,26939,17830
8,Nordwest,Liste 24,5,17662,26939,17830
8,Nordwest,Liste 25,11,17662,26939,17830
8,Nordwest,Liste 26,38,17662,26939,17830
8,Nordwest,Liste 27,100,17662,26939,17830
8,Nordwest,Liste 29,5,17662,26939,17830
8,Nordwest,Liste 30,15,17662,26939,17830
8,Nordwest,Liste 31,52,17662,26939,17830
8,Nordwest,Liste 32,25,17662,26939,17830
8,Nordwest,Liste 33,119,17662,26939,17830
8,Nordwest,Liste 34,34,17662,26939,17830
8,Nordwest,Liste 7,207,17662,26939,17830
8,Nordwest,Liste 9,353,17662,26939,17830
8,Nordwest,NPD,34,17662,26939,17830
8,Nordwest,SPD,1593,17662,26939,17830
8,Nordwest,Volt,378,17662,26939,17830
9,Nord,AfD,7339,39150,55984,39434
9,Nord,BSW,4466,39150,55984,39434
9,Nord,CDU,7360,39150,55984,39434
9,Nord,DIE LINKE,2777,39150,55984,39434
9,Nord,Die PARTEI,1469,39150,55984,39434
9,Nord,FDP,1531,39150,55984,39434
9,Nord,GRÜNE,4796,39150,55984,39434
9,Nord,Liste 10,327,39150,55984,39434
9,Nord,Liste 12,206,39150,55984,39434
9,Nord,Liste 14,250,39150,55984,39434
9,Nord,Liste 15,34,39150,55984,39434
9,Nord,Liste 16,146,39150,55984,39434
9,Nord,Liste 17,165,39150,55984,39434
9,Nord,Liste 18,82,39150,55984,39434
9,Nord,Liste 19,136,39150,55984,39434
9,Nord,Liste 20,85,39150,55984,39434
9,Nord,Liste 21,19,39150,55984,39434
9,Nord,Liste 22,29,39150,55984,39434
9,Nord,Liste 23,23,39150,55984,39434
9,Nord,Liste 24,7,39150,55984,39434
9,Nord,Liste 25,26,39150,55984,39434
9,Nord,Liste 26,112,39150,55984,39434
9,Nord,Liste 27,203,39150,55984,39434
9,Nord,Liste 29,17,39150,55984,39434
9,Nord,Liste 30,36,39150,55984,39434
9,Nord,Liste 31,248,39150,55984,39434
9,Nord,Liste 32,55,39150,55984,39434
9,Nord,Liste 33,372,39150,55984,39434
9,Nord,Liste 34,94,39150,55984,39434
9,Nord,Liste 7,550,39150,55984,39434
9,Nord,Liste 9,721,39150,55984,39434
9,Nord,NPD,40,39150,55984,39434
9,Nord,SPD,4052,39150,55984,39434
9,Nord,Volt,1377,39150,55984,39434
